<?xml version="1.0" encoding="UTF-8"?>
<objects serializationModel="Studio.02.00.00">
	<object class="Event" id="{cd36fb4d-adff-4616-8170-3fef42e55826}">
		<property name="name">
			<value>VroomVroom</value>
		</property>
		<property name="outputFormat">
			<value>2</value>
		</property>
		<relationship name="folder">
			<destination>{7d1cac50-72e7-4ce7-8c89-6d620aae9445}</destination>
		</relationship>
		<relationship name="mixer">
			<destination>{53d2e393-d39e-4bb5-b3fc-4383e77b7684}</destination>
		</relationship>
		<relationship name="masterTrack">
			<destination>{8fe4d097-535a-4d44-ab26-62ed18fe40e2}</destination>
		</relationship>
		<relationship name="mixerInput">
			<destination>{665ae05e-703d-4b2a-b369-7425878848b4}</destination>
		</relationship>
		<relationship name="automatableProperties">
			<destination>{d2631f68-ec9f-43ce-bf40-3582c169643c}</destination>
		</relationship>
		<relationship name="markerTracks">
			<destination>{35f9dfcc-a4b5-4e7e-8d3a-3734eaa785c2}</destination>
		</relationship>
		<relationship name="groupTracks">
			<destination>{75229c2a-5f6d-4515-8c09-44b6c148db1a}</destination>
			<destination>{57e1335b-1a3e-4ee8-b132-0bd7bebfa746}</destination>
			<destination>{e5a77599-850f-41a7-96e3-e23efff54436}</destination>
			<destination>{d4a9be8a-14f1-4320-84e7-4973eef8fcf5}</destination>
			<destination>{74ff972b-3a06-4d8f-bce5-d1225d005850}</destination>
			<destination>{f4890873-83ba-45b8-bcd6-caf80c7c4a9e}</destination>
		</relationship>
		<relationship name="timeline">
			<destination>{3dad91ab-2cf0-4a79-807c-cad7a589aac9}</destination>
		</relationship>
		<relationship name="banks">
			<destination>{44781971-e59c-483a-be5a-4046570e96f9}</destination>
		</relationship>
	</object>
	<object class="EventMixer" id="{53d2e393-d39e-4bb5-b3fc-4383e77b7684}">
		<relationship name="masterBus">
			<destination>{e78870f6-de75-4927-8ee5-8a2e5c3a37e9}</destination>
		</relationship>
	</object>
	<object class="MasterTrack" id="{8fe4d097-535a-4d44-ab26-62ed18fe40e2}">
		<relationship name="mixerGroup">
			<destination>{e78870f6-de75-4927-8ee5-8a2e5c3a37e9}</destination>
		</relationship>
	</object>
	<object class="MixerInput" id="{665ae05e-703d-4b2a-b369-7425878848b4}">
		<relationship name="effectChain">
			<destination>{9b66b8c4-0647-4588-b92a-bc8f4aa71d14}</destination>
		</relationship>
		<relationship name="panner">
			<destination>{37cae8e4-df9d-475b-b515-b6cda29b43f2}</destination>
		</relationship>
		<relationship name="output">
			<destination>{ad8ad1c0-5e5c-4f5a-a068-0216f14310fd}</destination>
		</relationship>
	</object>
	<object class="EventAutomatableProperties" id="{d2631f68-ec9f-43ce-bf40-3582c169643c}" />
	<object class="MarkerTrack" id="{35f9dfcc-a4b5-4e7e-8d3a-3734eaa785c2}" />
	<object class="GroupTrack" id="{75229c2a-5f6d-4515-8c09-44b6c148db1a}">
		<relationship name="modules">
			<destination>{82e72c2f-25ca-4c5d-9ab2-760ee841d9bb}</destination>
		</relationship>
		<relationship name="mixerGroup">
			<destination>{f29de07b-4b79-4cec-9eb2-876a11a27221}</destination>
		</relationship>
	</object>
	<object class="GroupTrack" id="{57e1335b-1a3e-4ee8-b132-0bd7bebfa746}">
		<relationship name="modules">
			<destination>{04fdf45b-e007-494a-a3db-95f5f23ab7c0}</destination>
			<destination>{fc032cef-b9eb-409e-a0a3-3e5f6a00bf8c}</destination>
		</relationship>
		<relationship name="mixerGroup">
			<destination>{a492446e-f10f-4bfa-b6aa-7c0adfb4a30d}</destination>
		</relationship>
	</object>
	<object class="GroupTrack" id="{e5a77599-850f-41a7-96e3-e23efff54436}">
		<relationship name="modules">
			<destination>{ed71f0f4-00d6-4b99-8ab7-70c41d504464}</destination>
		</relationship>
		<relationship name="mixerGroup">
			<destination>{e7121a32-8d95-4e6b-b403-ab62722cfeb5}</destination>
		</relationship>
	</object>
	<object class="GroupTrack" id="{d4a9be8a-14f1-4320-84e7-4973eef8fcf5}">
		<relationship name="modules">
			<destination>{ecf8dbca-ed3a-49c5-83eb-287a49b8ab69}</destination>
		</relationship>
		<relationship name="mixerGroup">
			<destination>{107682d2-6b72-4490-a55b-6d0e1b000b44}</destination>
		</relationship>
	</object>
	<object class="GroupTrack" id="{74ff972b-3a06-4d8f-bce5-d1225d005850}">
		<relationship name="modules">
			<destination>{0d0d704c-72fc-4c2a-ad19-b1e605e11fc5}</destination>
		</relationship>
		<relationship name="mixerGroup">
			<destination>{94290160-9d08-47e7-88c4-5a4c4d8f0d1f}</destination>
		</relationship>
	</object>
	<object class="GroupTrack" id="{f4890873-83ba-45b8-bcd6-caf80c7c4a9e}">
		<relationship name="modules">
			<destination>{184ee29e-e615-456f-9755-3fc2eaf2cc24}</destination>
		</relationship>
		<relationship name="mixerGroup">
			<destination>{6f90745f-adf3-4dbe-abc8-1175e32482f3}</destination>
		</relationship>
	</object>
	<object class="Timeline" id="{3dad91ab-2cf0-4a79-807c-cad7a589aac9}">
		<relationship name="modules">
			<destination>{82e72c2f-25ca-4c5d-9ab2-760ee841d9bb}</destination>
			<destination>{fc032cef-b9eb-409e-a0a3-3e5f6a00bf8c}</destination>
			<destination>{04fdf45b-e007-494a-a3db-95f5f23ab7c0}</destination>
			<destination>{ed71f0f4-00d6-4b99-8ab7-70c41d504464}</destination>
			<destination>{ecf8dbca-ed3a-49c5-83eb-287a49b8ab69}</destination>
			<destination>{0d0d704c-72fc-4c2a-ad19-b1e605e11fc5}</destination>
			<destination>{184ee29e-e615-456f-9755-3fc2eaf2cc24}</destination>
		</relationship>
	</object>
	<object class="EventMixerMaster" id="{e78870f6-de75-4927-8ee5-8a2e5c3a37e9}">
		<relationship name="effectChain">
			<destination>{ba94d6f9-783d-4764-920c-7a27682c3b25}</destination>
		</relationship>
		<relationship name="panner">
			<destination>{b8575a07-4e6d-435e-ac48-5465dc7cf6e7}</destination>
		</relationship>
		<relationship name="mixer">
			<destination>{53d2e393-d39e-4bb5-b3fc-4383e77b7684}</destination>
		</relationship>
	</object>
	<object class="MixerBusEffectChain" id="{9b66b8c4-0647-4588-b92a-bc8f4aa71d14}">
		<relationship name="effects">
			<destination>{4aade43b-24f9-4f50-af1c-5cdac5033481}</destination>
		</relationship>
	</object>
	<object class="MixerBusPanner" id="{37cae8e4-df9d-475b-b515-b6cda29b43f2}" />
	<object class="SingleSound" id="{82e72c2f-25ca-4c5d-9ab2-760ee841d9bb}">
		<property name="length">
			<value>2.1246258503401361</value>
		</property>
		<relationship name="audioFile">
			<destination>{1dbc55c8-29a1-4be2-a07f-ae2122f60961}</destination>
		</relationship>
	</object>
	<object class="EventMixerGroup" id="{f29de07b-4b79-4cec-9eb2-876a11a27221}">
		<property name="name">
			<value>engine start</value>
		</property>
		<relationship name="effectChain">
			<destination>{16da2cf3-1101-4a17-8ee7-489cb193b9fd}</destination>
		</relationship>
		<relationship name="panner">
			<destination>{8c0a9b71-e8a5-449f-9846-f5f69a7e6b3d}</destination>
		</relationship>
		<relationship name="output">
			<destination>{e78870f6-de75-4927-8ee5-8a2e5c3a37e9}</destination>
		</relationship>
	</object>
	<object class="SingleSound" id="{04fdf45b-e007-494a-a3db-95f5f23ab7c0}">
		<property name="start">
			<value>5.2378231292517006</value>
		</property>
		<property name="length">
			<value>3.1131972789115645</value>
		</property>
		<relationship name="audioFile">
			<destination>{6f455be6-6eab-4651-8d93-3bf9b28a06a1}</destination>
		</relationship>
	</object>
	<object class="SingleSound" id="{fc032cef-b9eb-409e-a0a3-3e5f6a00bf8c}">
		<property name="start">
			<value>2.1246258503401361</value>
		</property>
		<property name="length">
			<value>3.1131972789115645</value>
		</property>
		<relationship name="audioFile">
			<destination>{a1f22f7a-8f5f-4c57-81d6-a973297dfa14}</destination>
		</relationship>
	</object>
	<object class="EventMixerGroup" id="{a492446e-f10f-4bfa-b6aa-7c0adfb4a30d}">
		<property name="name">
			<value>drive</value>
		</property>
		<relationship name="effectChain">
			<destination>{7a3ca4fd-0011-49da-962f-cdd623d28390}</destination>
		</relationship>
		<relationship name="panner">
			<destination>{fe07a44a-e05b-44d6-8efb-7617d1e0881c}</destination>
		</relationship>
		<relationship name="output">
			<destination>{e78870f6-de75-4927-8ee5-8a2e5c3a37e9}</destination>
		</relationship>
	</object>
	<object class="SingleSound" id="{ed71f0f4-00d6-4b99-8ab7-70c41d504464}">
		<property name="start">
			<value>8.3510204081632651</value>
		</property>
		<property name="length">
			<value>1.3887074829931974</value>
		</property>
		<relationship name="audioFile">
			<destination>{350f4473-b8d9-492b-9f03-2bf662f31b97}</destination>
		</relationship>
	</object>
	<object class="EventMixerGroup" id="{e7121a32-8d95-4e6b-b403-ab62722cfeb5}">
		<property name="name">
			<value>tire squeal</value>
		</property>
		<relationship name="effectChain">
			<destination>{30efcf1c-729b-439a-ae09-6d15f1ed282d}</destination>
		</relationship>
		<relationship name="panner">
			<destination>{50c98ef8-c038-426c-a466-b19a84fcdd31}</destination>
		</relationship>
		<relationship name="output">
			<destination>{e78870f6-de75-4927-8ee5-8a2e5c3a37e9}</destination>
		</relationship>
	</object>
	<object class="SingleSound" id="{ecf8dbca-ed3a-49c5-83eb-287a49b8ab69}">
		<property name="start">
			<value>8.5</value>
		</property>
		<property name="length">
			<value>1.1145578231292517</value>
		</property>
		<property name="volume">
			<value>10</value>
		</property>
		<relationship name="audioFile">
			<destination>{4e40e1cc-222f-4fcb-af36-103703219cc6}</destination>
		</relationship>
	</object>
	<object class="EventMixerGroup" id="{107682d2-6b72-4490-a55b-6d0e1b000b44}">
		<property name="name">
			<value>human squeal</value>
		</property>
		<relationship name="effectChain">
			<destination>{81fe2d2a-4f03-444b-8b0b-b565a2d22038}</destination>
		</relationship>
		<relationship name="panner">
			<destination>{d07f37c0-d338-41fd-9c92-e7ddba9062c8}</destination>
		</relationship>
		<relationship name="output">
			<destination>{e78870f6-de75-4927-8ee5-8a2e5c3a37e9}</destination>
		</relationship>
	</object>
	<object class="SingleSound" id="{0d0d704c-72fc-4c2a-ad19-b1e605e11fc5}">
		<property name="start">
			<value>8.3510204081632651</value>
		</property>
		<property name="length">
			<value>1.0619501133786848</value>
		</property>
		<relationship name="audioFile">
			<destination>{8083b756-6b0d-49dc-907c-e5e570f5ed85}</destination>
		</relationship>
	</object>
	<object class="EventMixerGroup" id="{94290160-9d08-47e7-88c4-5a4c4d8f0d1f}">
		<property name="name">
			<value>horn</value>
		</property>
		<relationship name="effectChain">
			<destination>{ef3d9a96-42b4-4b30-8d6c-1b5789461691}</destination>
		</relationship>
		<relationship name="panner">
			<destination>{11b64af7-f9d1-400c-b8c6-cf5ec1787b09}</destination>
		</relationship>
		<relationship name="output">
			<destination>{e78870f6-de75-4927-8ee5-8a2e5c3a37e9}</destination>
		</relationship>
	</object>
	<object class="SingleSound" id="{184ee29e-e615-456f-9755-3fc2eaf2cc24}">
		<property name="start">
			<value>9.7397278911564626</value>
		</property>
		<property name="length">
			<value>1.2832879818594105</value>
		</property>
		<relationship name="audioFile">
			<destination>{3a089ba1-6ff1-4af7-bc7c-b5f1137d10f6}</destination>
		</relationship>
	</object>
	<object class="EventMixerGroup" id="{6f90745f-adf3-4dbe-abc8-1175e32482f3}">
		<property name="name">
			<value>bang</value>
		</property>
		<relationship name="effectChain">
			<destination>{9bf1ae27-4735-4e72-ba21-8fa96984709b}</destination>
		</relationship>
		<relationship name="panner">
			<destination>{c57b59df-e55f-4e08-be03-bc52624ae876}</destination>
		</relationship>
		<relationship name="output">
			<destination>{e78870f6-de75-4927-8ee5-8a2e5c3a37e9}</destination>
		</relationship>
	</object>
	<object class="MixerBusEffectChain" id="{ba94d6f9-783d-4764-920c-7a27682c3b25}">
		<relationship name="effects">
			<destination>{6f97599c-2106-410f-afe0-d3ca3604a4a9}</destination>
			<destination>{cc313988-0dd5-45cf-82f8-545127b967af}</destination>
		</relationship>
	</object>
	<object class="MixerBusPanner" id="{b8575a07-4e6d-435e-ac48-5465dc7cf6e7}" />
	<object class="MixerBusFader" id="{4aade43b-24f9-4f50-af1c-5cdac5033481}" />
	<object class="MixerBusEffectChain" id="{16da2cf3-1101-4a17-8ee7-489cb193b9fd}">
		<relationship name="effects">
			<destination>{c51d0b63-1daa-4570-a57d-ab14873eb08b}</destination>
		</relationship>
	</object>
	<object class="MixerBusPanner" id="{8c0a9b71-e8a5-449f-9846-f5f69a7e6b3d}" />
	<object class="MixerBusEffectChain" id="{7a3ca4fd-0011-49da-962f-cdd623d28390}">
		<relationship name="effects">
			<destination>{d0ef5e6c-b4e4-45d8-9c34-aa11d15c9b94}</destination>
		</relationship>
	</object>
	<object class="MixerBusPanner" id="{fe07a44a-e05b-44d6-8efb-7617d1e0881c}" />
	<object class="MixerBusEffectChain" id="{30efcf1c-729b-439a-ae09-6d15f1ed282d}">
		<relationship name="effects">
			<destination>{d7420e91-9d8c-4f85-a60b-850e29258063}</destination>
		</relationship>
	</object>
	<object class="MixerBusPanner" id="{50c98ef8-c038-426c-a466-b19a84fcdd31}" />
	<object class="MixerBusEffectChain" id="{81fe2d2a-4f03-444b-8b0b-b565a2d22038}">
		<relationship name="effects">
			<destination>{a3a07c2f-98d2-4ada-aaaa-df2e758d4cfc}</destination>
		</relationship>
	</object>
	<object class="MixerBusPanner" id="{d07f37c0-d338-41fd-9c92-e7ddba9062c8}" />
	<object class="MixerBusEffectChain" id="{ef3d9a96-42b4-4b30-8d6c-1b5789461691}">
		<relationship name="effects">
			<destination>{a6f1b0eb-e2b6-4e30-af45-2a6d0c21bd3d}</destination>
		</relationship>
	</object>
	<object class="MixerBusPanner" id="{11b64af7-f9d1-400c-b8c6-cf5ec1787b09}" />
	<object class="MixerBusEffectChain" id="{9bf1ae27-4735-4e72-ba21-8fa96984709b}">
		<relationship name="effects">
			<destination>{aa072ed9-b94e-4c9d-864c-bfb9f013b195}</destination>
		</relationship>
	</object>
	<object class="MixerBusPanner" id="{c57b59df-e55f-4e08-be03-bc52624ae876}" />
	<object class="MixerBusFader" id="{6f97599c-2106-410f-afe0-d3ca3604a4a9}" />
	<object class="SpatialiserEffect" id="{cc313988-0dd5-45cf-82f8-545127b967af}" />
	<object class="MixerBusFader" id="{c51d0b63-1daa-4570-a57d-ab14873eb08b}" />
	<object class="MixerBusFader" id="{d0ef5e6c-b4e4-45d8-9c34-aa11d15c9b94}" />
	<object class="MixerBusFader" id="{d7420e91-9d8c-4f85-a60b-850e29258063}" />
	<object class="MixerBusFader" id="{a3a07c2f-98d2-4ada-aaaa-df2e758d4cfc}" />
	<object class="MixerBusFader" id="{a6f1b0eb-e2b6-4e30-af45-2a6d0c21bd3d}" />
	<object class="MixerBusFader" id="{aa072ed9-b94e-4c9d-864c-bfb9f013b195}" />
</objects>
