<?xml version="1.0" encoding="UTF-8"?>
<objects serializationModel="Studio.02.00.00">
	<object class="MixerMaster" id="{ad8ad1c0-5e5c-4f5a-a068-0216f14310fd}">
		<property name="name">
			<value>Master Bus</value>
		</property>
		<relationship name="effectChain">
			<destination>{4e890a30-911c-4a19-8e6a-3f827d15a362}</destination>
		</relationship>
		<relationship name="panner">
			<destination>{929dc218-ef12-4330-a2c5-6a31db7086a4}</destination>
		</relationship>
		<relationship name="mixer">
			<destination>{3d654834-a04d-4b0f-b9c3-052faac58151}</destination>
		</relationship>
	</object>
	<object class="MixerBusEffectChain" id="{4e890a30-911c-4a19-8e6a-3f827d15a362}">
		<relationship name="effects">
			<destination>{c8662ab4-4476-4edd-92f8-2385fb9d8c10}</destination>
		</relationship>
	</object>
	<object class="MixerBusPanner" id="{929dc218-ef12-4330-a2c5-6a31db7086a4}">
		<property name="overridingOutputFormat">
			<value>2</value>
		</property>
		<property name="outputFormatOverridden">
			<value>true</value>
		</property>
	</object>
	<object class="MixerBusFader" id="{c8662ab4-4476-4edd-92f8-2385fb9d8c10}" />
</objects>
