<?xml version="1.0" encoding="UTF-8"?>
<objects serializationModel="Studio.02.00.00">
	<object class="Workspace" id="{c328e809-b794-4cdc-9b73-fe3b047fed79}">
		<relationship name="masterEventFolder">
			<destination>{7d1cac50-72e7-4ce7-8c89-6d620aae9445}</destination>
		</relationship>
		<relationship name="masterTagFolder">
			<destination>{0bd142ba-6e3d-479c-8dd1-847918e0cd34}</destination>
		</relationship>
		<relationship name="masterEffectPresetFolder">
			<destination>{7f78e39c-90f8-4e6d-8b57-42f36f5cd25f}</destination>
		</relationship>
		<relationship name="masterParameterPresetFolder">
			<destination>{b1c40631-218b-4575-b6a9-86aba21b1371}</destination>
		</relationship>
		<relationship name="masterBankFolder">
			<destination>{5f126fad-45ca-4be7-8b68-b61d5681a898}</destination>
		</relationship>
		<relationship name="masterAssetFolder">
			<destination>{0e8e8932-125d-4fbb-8b64-1e2723cb0edb}</destination>
		</relationship>
		<relationship name="mixer">
			<destination>{3d654834-a04d-4b0f-b9c3-052faac58151}</destination>
		</relationship>
		<relationship name="platforms">
			<destination>{9508f9d9-92fd-4ebf-81d8-4af501c7c1c5}</destination>
		</relationship>
	</object>
</objects>
