<?xml version="1.0" encoding="UTF-8"?>
<objects serializationModel="Studio.02.00.00">
	<object class="Workspace" id="{c328e809-b794-4cdc-9b73-fe3b047fed79}">
		<relationship name="projectSettings">
			<destination>{1d5c91d8-afb7-4f91-b150-994847bcd814}</destination>
		</relationship>
		<relationship name="profilerSessionFolder">
			<destination>{332771ef-7704-42bc-9239-973b0a20fac9}</destination>
		</relationship>
	</object>
	<object class="ProjectSettings" id="{1d5c91d8-afb7-4f91-b150-994847bcd814}">
		<relationship name="activePlatform">
			<destination>{9508f9d9-92fd-4ebf-81d8-4af501c7c1c5}</destination>
		</relationship>
	</object>
</objects>
