<?xml version="1.0" encoding="UTF-8"?>
<objects serializationModel="Studio.02.00.00">
	<object class="ParameterPreset" id="{117031db-7843-437d-adf8-f45e988bf509}">
		<property name="name">
			<value>isIdle</value>
		</property>
		<relationship name="folder">
			<destination>{b1c40631-218b-4575-b6a9-86aba21b1371}</destination>
		</relationship>
		<relationship name="parameter">
			<destination>{35a08a6e-5302-43f2-a5a4-28f881c010c1}</destination>
		</relationship>
	</object>
	<object class="GameParameter" id="{35a08a6e-5302-43f2-a5a4-28f881c010c1}">
		<property name="initialValue">
			<value>1</value>
		</property>
	</object>
</objects>
