<?xml version="1.0" encoding="UTF-8"?>
<objects serializationModel="Studio.02.00.00">
	<object class="ParameterPreset" id="{24381948-f364-4476-8102-b0316e95a389}">
		<property name="name">
			<value>isCrashing</value>
		</property>
		<relationship name="folder">
			<destination>{b1c40631-218b-4575-b6a9-86aba21b1371}</destination>
		</relationship>
		<relationship name="parameter">
			<destination>{54acfb32-e280-4584-97c5-270cbcdcdb17}</destination>
		</relationship>
	</object>
	<object class="GameParameter" id="{54acfb32-e280-4584-97c5-270cbcdcdb17}">
		<property name="initialValue">
			<value>0</value>
		</property>
	</object>
</objects>
