<?xml version="1.0" encoding="UTF-8"?>
<objects serializationModel="Studio.02.00.00">
	<object class="MixerReturn" id="{b6d90ed2-37fe-4b82-9321-1ebdc90f1114}">
		<property name="overridingInputFormat">
			<value>2</value>
		</property>
		<property name="inputFormatOverridden">
			<value>true</value>
		</property>
		<property name="name">
			<value>Reverb</value>
		</property>
		<relationship name="effectChain">
			<destination>{1e1bc224-e232-41b9-842c-c5880a2675bb}</destination>
		</relationship>
		<relationship name="panner">
			<destination>{978017fa-8fb7-4cb7-bb6c-4accebb5c841}</destination>
		</relationship>
		<relationship name="output">
			<destination>{ad8ad1c0-5e5c-4f5a-a068-0216f14310fd}</destination>
		</relationship>
	</object>
	<object class="MixerBusEffectChain" id="{1e1bc224-e232-41b9-842c-c5880a2675bb}">
		<relationship name="effects">
			<destination>{2d765bcd-274c-4f10-8afe-f7be3e198c48}</destination>
			<destination>{f1d50bc5-7cb2-4bf8-b58b-2fa4c018899c}</destination>
		</relationship>
	</object>
	<object class="MixerBusPanner" id="{978017fa-8fb7-4cb7-bb6c-4accebb5c841}" />
	<object class="SFXReverbEffect" id="{2d765bcd-274c-4f10-8afe-f7be3e198c48}">
		<property name="wetLevel">
			<value>0</value>
		</property>
		<property name="dryLevel">
			<value>-80</value>
		</property>
	</object>
	<object class="MixerBusFader" id="{f1d50bc5-7cb2-4bf8-b58b-2fa4c018899c}" />
</objects>
