<?xml version="1.0" encoding="UTF-8"?>
<objects serializationModel="Studio.02.00.00">
	<object class="EncodingSetting" id="{87e41031-ca15-4207-8e37-9321b553a620}">
		<property name="encodingFormat">
			<value>3</value>
		</property>
		<property name="quality">
			<value>37</value>
		</property>
		<relationship name="platform">
			<destination>{9508f9d9-92fd-4ebf-81d8-4af501c7c1c5}</destination>
		</relationship>
		<relationship name="encodable">
			<destination>{9508f9d9-92fd-4ebf-81d8-4af501c7c1c5}</destination>
		</relationship>
	</object>
</objects>
