<?xml version="1.0" encoding="UTF-8"?>
<objects serializationModel="Studio.02.00.00">
	<object class="AudioFile" id="{1dbc55c8-29a1-4be2-a07f-ae2122f60961}">
		<property name="assetPath">
			<value>GS_A2_engine_start.wav</value>
		</property>
		<property name="frequencyInKHz">
			<value>44.0999985</value>
		</property>
		<property name="channelCount">
			<value>2</value>
		</property>
		<property name="length">
			<value>2.1246258503401361</value>
		</property>
		<relationship name="masterAssetFolder">
			<destination>{0e8e8932-125d-4fbb-8b64-1e2723cb0edb}</destination>
		</relationship>
	</object>
</objects>
