<?xml version="1.0" encoding="UTF-8"?>
<objects serializationModel="Studio.02.00.00">
	<object class="AudioFile" id="{350f4473-b8d9-492b-9f03-2bf662f31b97}">
		<property name="assetPath">
			<value>GS_A2_tire_squeal.wav</value>
		</property>
		<property name="frequencyInKHz">
			<value>44.0999985</value>
		</property>
		<property name="channelCount">
			<value>1</value>
		</property>
		<property name="length">
			<value>1.3887074829931974</value>
		</property>
		<relationship name="masterAssetFolder">
			<destination>{0e8e8932-125d-4fbb-8b64-1e2723cb0edb}</destination>
		</relationship>
	</object>
</objects>
