<?xml version="1.0" encoding="UTF-8"?>
<objects serializationModel="Studio.02.00.00">
	<object class="AudioFile" id="{8083b756-6b0d-49dc-907c-e5e570f5ed85}">
		<property name="assetPath">
			<value>GS_A2_horn.wav</value>
		</property>
		<property name="frequencyInKHz">
			<value>44.0999985</value>
		</property>
		<property name="channelCount">
			<value>2</value>
		</property>
		<property name="length">
			<value>1.0619501133786848</value>
		</property>
		<relationship name="masterAssetFolder">
			<destination>{0e8e8932-125d-4fbb-8b64-1e2723cb0edb}</destination>
		</relationship>
	</object>
</objects>
