<?xml version="1.0" encoding="UTF-8"?>
<objects serializationModel="Studio.02.00.00">
	<object class="AudioFile" id="{a1f22f7a-8f5f-4c57-81d6-a973297dfa14}">
		<property name="assetPath">
			<value>GS_A2_engine_idle.wav</value>
		</property>
		<property name="frequencyInKHz">
			<value>44.0999985</value>
		</property>
		<property name="channelCount">
			<value>2</value>
		</property>
		<property name="length">
			<value>3.1131972789115645</value>
		</property>
		<relationship name="masterAssetFolder">
			<destination>{0e8e8932-125d-4fbb-8b64-1e2723cb0edb}</destination>
		</relationship>
	</object>
</objects>
